aspect,rows,nss
Fare & Payment System,292,63.35616438356164
Route Coverage & Connectivity,258,63.565891472868216
Punctuality & Reliability,167,71.25748502994011
Staff & Customer Service,141,80.85106382978722
Facilities,130,72.3076923076923
Crowding & Comfort,120,73.33333333333333
Overall Experience,112,61.60714285714286
Cleanliness & Hygiene,28,78.57142857142857
Signage & Navigation,28,50.0
Safety & Security,15,6.666666666666667
